"category","title","date","href","thumbnail"
"主要","嵐の曲も 紅白「米津玄師色」","12/31(火) 15:48","https://news.yahoo.co.jp/pickup/6346897","https://giwiz-tpc.c.yimg.jp/q/iwiz-tpc/images/tpc/2019/12/31/1577774167_20191231-00010011-chuspo-000-view.jpg"
"主要","斎藤佑樹 一般女性と結婚発表","12/31(火) 15:27","https://news.yahoo.co.jp/pickup/6346895","https://giwiz-tpc.c.yimg.jp/q/iwiz-tpc/images/tpc/2019/12/31/1577772591_20191231-00650103-fullcount-000-view.jpg"
"主要","北朝鮮総会 年末に4日目突入","12/31(火) 15:21","https://news.yahoo.co.jp/pickup/6346893","https://giwiz-tpc.c.yimg.jp/q/iwiz-tpc/images/tpc/2019/12/31/1577771879_20191231-00000003-jijp-000-view.jpg"
"主要","斎藤佑樹 同級生の女性と結婚","12/31(火) 15:18","https://news.yahoo.co.jp/pickup/6346894","https://giwiz-tpc.c.yimg.jp/q/iwiz-tpc/images/tpc/2019/12/31/1577772591_20191231-00650103-fullcount-000-view.jpg"
"主要","タクシー3台にはねられ死亡","12/31(火) 15:02","https://news.yahoo.co.jp/pickup/6346892","https://giwiz-tpc.c.yimg.jp/q/iwiz-tpc/images/tpc/2019/12/31/1577771191_20191231-00024511-asahibc-000-view.jpg"
"主要","ゴーン被告 人質にはならない","12/31(火) 14:47","https://news.yahoo.co.jp/pickup/6346891","https://giwiz-tpc.c.yimg.jp/q/iwiz-tpc/images/tpc/2019/12/31/1577770217_20191231-00000026-mai-000-view.jpg"
"主要","年末ジャンボ 当せん番号決定","12/31(火) 14:00","https://news.yahoo.co.jp/pickup/6346888","https://giwiz-tpc.c.yimg.jp/q/iwiz-tpc/images/tpc/2019/12/31/1577767905_20191231-00000322-oric-000-view.jpg"
"主要","優樹菜 報告もコメント欄封鎖","12/31(火) 13:44","https://news.yahoo.co.jp/pickup/6346887","https://giwiz-tpc.c.yimg.jp/q/iwiz-tpc/images/tpc/2019/12/31/1577767066_20191231-00000051-dal-000-view.jpg"
"主要","SF作品など描画 ミード氏死去","12/31(火) 13:27","https://news.yahoo.co.jp/pickup/6346886","https://giwiz-tpc.c.yimg.jp/q/iwiz-tpc/images/tpc/2019/12/31/cushion/1577765892_20191231-00000010-zdn_n-000-view.jpg"
"主要","フジモン&優樹菜 離婚を発表","12/31(火) 13:21","https://news.yahoo.co.jp/pickup/6346885","https://giwiz-tpc.c.yimg.jp/q/iwiz-tpc/images/tpc/2019/12/31/1577765018_20191231-12310048-sph-000-view.jpg"
"主要","ゴーン被告 別の名前で出国か","12/31(火) 13:15","https://news.yahoo.co.jp/pickup/6346882","https://giwiz-tpc.c.yimg.jp/q/iwiz-tpc/images/tpc/2019/12/31/1577764743_20191231-00000018-jnn-000-thumb.jpg"
"主要","ゴーン被告 レバノンにいる","12/31(火) 13:07","https://news.yahoo.co.jp/pickup/6346884","https://giwiz-tpc.c.yimg.jp/q/iwiz-tpc/images/tpc/eternal/2017/10/27/1509081692_1427194511_1427194505_topics550x550.jpg"
"主要","関東 大みそかに史上初20℃超","12/31(火) 12:44","https://news.yahoo.co.jp/pickup/6346881","https://giwiz-tpc.c.yimg.jp/q/iwiz-tpc/images/tpc/2019/12/31/1577763199_20191231-00012534-weather-000-view.jpg"
"主要","初日の出暴走 SNSで様変わり","12/31(火) 12:31","https://news.yahoo.co.jp/pickup/6346879","https://giwiz-tpc.c.yimg.jp/q/iwiz-tpc/images/tpc/2019/12/31/1577761923_20191231-00211973-kurumans-000-view.jpg"
"主要","ゴーン被告出国 15億円没収か","12/31(火) 12:24","https://news.yahoo.co.jp/pickup/6346880","https://giwiz-tpc.c.yimg.jp/q/iwiz-tpc/images/tpc/2019/12/31/1577761785_20191231-00000006-ann-000-thumb.jpg"
"主要","韓国検察、前法相を在宅起訴","12/31(火) 12:05","https://news.yahoo.co.jp/pickup/6346878","https://giwiz-tpc.c.yimg.jp/q/iwiz-tpc/images/tpc/2019/12/31/1577761054_20191231-00000020-yonh-000-view.jpg"
"主要","福原愛さん 想像超える語学力","12/31(火) 11:38","https://news.yahoo.co.jp/pickup/6346877","https://giwiz-tpc.c.yimg.jp/q/iwiz-tpc/images/tpc/2019/12/31/1577759023_20191223-00000005-withnews-000-view.jpg"
"主要","初詣 原宿駅の臨時改札が最後","12/31(火) 11:21","https://news.yahoo.co.jp/pickup/6346875","https://giwiz-tpc.c.yimg.jp/q/iwiz-tpc/images/tpc/2019/12/31/1577756213_20191231-00010000-norimono-000-view.jpg"
"主要","ゴーン被告出国 驚く検察幹部","12/31(火) 11:14","https://news.yahoo.co.jp/pickup/6346876","https://giwiz-tpc.c.yimg.jp/q/iwiz-tpc/images/tpc/2019/12/31/1577758000_20191231-00000015-asahi-000-view.jpg"
"主要","〇〇ペイ 死亡したらどうなる","12/31(火) 10:59","https://news.yahoo.co.jp/pickup/6346873","https://giwiz-tpc.c.yimg.jp/q/iwiz-tpc/images/tpc/2019/12/31/1577756440_20191231-00320889-toyo-000-view.jpg"
"主要","未明の都内で火災2件 2人死亡","12/31(火) 10:58","https://news.yahoo.co.jp/pickup/6346874","https://giwiz-tpc.c.yimg.jp/q/iwiz-tpc/images/tpc/eternal/2017/11/7/1510032272_1423802907_1412942786_aflo_WKEB125912.jpg"
"主要","ハロプロ ファンは跳び納め?","12/31(火) 10:43","https://news.yahoo.co.jp/pickup/6346872","https://giwiz-tpc.c.yimg.jp/q/iwiz-tpc/images/tpc/2019/12/31/1577755326_20191231-00010616-bengocom-000-view.jpg"
"主要","ゴーン被告 無断出国の可能性","12/31(火) 10:03","https://news.yahoo.co.jp/pickup/6346871","https://giwiz-tpc.c.yimg.jp/q/iwiz-tpc/images/tpc/2019/12/31/1577753524_20191231-00000001-jijp-000-view.jpg"
"主要","増える餅の窒息事故 どう防ぐ","12/31(火) 9:55","https://news.yahoo.co.jp/pickup/6346870","https://giwiz-tpc.c.yimg.jp/q/iwiz-tpc/images/tpc/2019/12/31/1577752671_20191231-00156481-roupeiro-000-view.jpg"
"主要","成田へのバス統合 どう変化?","12/31(火) 9:38","https://news.yahoo.co.jp/pickup/6346869","https://giwiz-tpc.c.yimg.jp/q/iwiz-tpc/images/tpc/2019/12/31/1577751037_20191231-00157198-roupeiro-000-view.jpg"
"国内","年末ジャンボ 当せん番号決定","12/31(火) 14:00","https://news.yahoo.co.jp/pickup/6346888","https://giwiz-tpc.c.yimg.jp/q/iwiz-tpc/images/tpc/2019/12/31/1577767905_20191231-00000322-oric-000-view.jpg"
"国内","初日の出暴走 SNSで様変わり","12/31(火) 12:31","https://news.yahoo.co.jp/pickup/6346879","https://giwiz-tpc.c.yimg.jp/q/iwiz-tpc/images/tpc/2019/12/31/1577761923_20191231-00211973-kurumans-000-view.jpg"
"国内","ゴーン被告出国 15億円没収か","12/31(火) 12:24","https://news.yahoo.co.jp/pickup/6346880","https://giwiz-tpc.c.yimg.jp/q/iwiz-tpc/images/tpc/2019/12/31/1577761785_20191231-00000006-ann-000-thumb.jpg"
"国内","ゴーン被告出国 驚く検察幹部","12/31(火) 11:14","https://news.yahoo.co.jp/pickup/6346876","https://giwiz-tpc.c.yimg.jp/q/iwiz-tpc/images/tpc/2019/12/31/1577758000_20191231-00000015-asahi-000-view.jpg"
"国内","増える餅の窒息事故 どう防ぐ","12/31(火) 9:55","https://news.yahoo.co.jp/pickup/6346870","https://giwiz-tpc.c.yimg.jp/q/iwiz-tpc/images/tpc/2019/12/31/1577752671_20191231-00156481-roupeiro-000-view.jpg"
"国内","「負動産」?急増する相続放棄","12/31(火) 8:51","https://news.yahoo.co.jp/pickup/6346864","https://giwiz-tpc.c.yimg.jp/q/iwiz-tpc/images/tpc/2019/12/31/1577749207_20191217-00010000-ffield-000-view.jpg"
"国内","北日本は大荒れの年越し 警戒","12/31(火) 7:55","https://news.yahoo.co.jp/pickup/6346861","https://giwiz-tpc.c.yimg.jp/q/iwiz-tpc/images/tpc/2019/12/31/1577745720_20191231-00010001-wmap-001-view.jpg"
"国内","馬毛島 22年度に飛行場着工へ","12/30(月) 21:53","https://news.yahoo.co.jp/pickup/6346842","https://giwiz-tpc.c.yimg.jp/q/iwiz-tpc/images/tpc/2019/12/30/1577708832_20191230-00010000-kkbv-000-thumb.jpg"
"国内","31日大荒れ 関東は20℃の予想","12/30(月) 20:19","https://news.yahoo.co.jp/pickup/6346837","https://giwiz-tpc.c.yimg.jp/q/iwiz-tpc/images/tpc/2019/12/30/1577703449_20191230-00000028-ann-000-thumb.jpg"
"国内","秋元議員に300万円 メモ押収","12/30(月) 19:41","https://news.yahoo.co.jp/pickup/6346834","https://giwiz-tpc.c.yimg.jp/q/iwiz-tpc/images/tpc/2019/12/30/1577701938_20191230-00000074-nnn-000-thumb.jpg"
"国内","年越し寒波 交通機関へ影響も","12/30(月) 16:28","https://news.yahoo.co.jp/pickup/6346823","https://giwiz-tpc.c.yimg.jp/q/iwiz-tpc/images/tpc/2019/12/30/1577690325_20191230-00003852-tenki-000-view.jpg"
"国内","ミサイル巡る誤報 NHKが処分","12/30(月) 14:40","https://news.yahoo.co.jp/pickup/6346809","https://giwiz-tpc.c.yimg.jp/q/iwiz-tpc/images/tpc/2019/12/30/1577683879_20191230-00000068-dal-000-view.jpg"
"国内","あおり運転罪新設へ どう変化","12/30(月) 10:25","https://news.yahoo.co.jp/pickup/6346787","https://giwiz-tpc.c.yimg.jp/q/iwiz-tpc/images/tpc/2019/12/30/1577668162_20191230-00000022-nnn-000-thumb.jpg"
"国内","保育施設の騒音指針 来年策定","12/30(月) 9:36","https://news.yahoo.co.jp/pickup/6346783","https://giwiz-tpc.c.yimg.jp/q/iwiz-tpc/images/tpc/2019/12/30/1577665324_20191230-00000002-mai-000-view.jpg"
"国内","五輪会場に石綿 都は対策せず","12/30(月) 9:32","https://news.yahoo.co.jp/pickup/6346780","https://giwiz-tpc.c.yimg.jp/q/iwiz-tpc/images/tpc/2019/12/30/1577664653_20191230-00000004-asahi-000-view.jpg"
"国内","案里氏疑惑 領収書2種類作成","12/30(月) 8:49","https://news.yahoo.co.jp/pickup/6346777","https://giwiz-tpc.c.yimg.jp/q/iwiz-tpc/images/tpc/2019/12/30/1577661453_20191229-00000006-kyodonews-000-view.jpg"
"国内","年末収容者23年ぶり5万人割る","12/30(月) 8:22","https://news.yahoo.co.jp/pickup/6346776","https://giwiz-tpc.c.yimg.jp/q/iwiz-tpc/images/tpc/2019/12/30/1577660832_655118093.jpg"
"国内","IR巡る捜査 政局全て読み直し","12/30(月) 7:59","https://news.yahoo.co.jp/pickup/6346775","https://giwiz-tpc.c.yimg.jp/q/iwiz-tpc/images/tpc/2019/12/30/1577659369_20191229-00157009-roupeiro-000-view.jpg"
"国内","IR 贈賄側の3人は容疑認める","12/30(月) 7:11","https://news.yahoo.co.jp/pickup/6346769","https://giwiz-tpc.c.yimg.jp/q/iwiz-tpc/images/tpc/2019/12/30/1577656576_20191230-00000001-asahi-000-view.jpg"
"国内","IR 議員が秘書給与に流用か","12/29(日) 21:47","https://news.yahoo.co.jp/pickup/6346757","https://giwiz-tpc.c.yimg.jp/q/iwiz-tpc/images/tpc/2019/12/29/1577624539_20191229-00000063-kyodonews-000-view.jpg"
"国内","Fランク大学 都市部で人気化","12/29(日) 20:44","https://news.yahoo.co.jp/pickup/6346753","https://giwiz-tpc.c.yimg.jp/q/iwiz-tpc/images/tpc/2019/12/29/1577616882_20191229-00156967-roupeiro-000-view.jpg"
"国内","都市で「消える」Fランク大学","12/29(日) 20:23","https://news.yahoo.co.jp/pickup/6346751","https://giwiz-tpc.c.yimg.jp/q/iwiz-tpc/images/tpc/2019/12/29/1577616882_20191229-00156967-roupeiro-000-view.jpg"
"国内","大みそか 北日本は猛吹雪警戒","12/29(日) 18:54","https://news.yahoo.co.jp/pickup/6346744","https://giwiz-tpc.c.yimg.jp/q/iwiz-tpc/images/tpc/2019/12/29/1577610318_20191229-00003848-tenki-001-view.jpg"
"国内","両足失い 抑留の地に通う94歳","12/29(日) 17:53","https://news.yahoo.co.jp/pickup/6346740","https://giwiz-tpc.c.yimg.jp/q/iwiz-tpc/images/tpc/2019/12/29/1577596785_20191229-00010000-sp_ctv-007-view.jpg"
"国内","国と天皇 知られざる重大変化","12/29(日) 15:31","https://news.yahoo.co.jp/pickup/6346730","https://giwiz-tpc.c.yimg.jp/q/iwiz-tpc/images/tpc/2019/12/29/1577597865_20191229-00000001-yonnana-000-view.jpg"